1,Lynda,Haibel,2007/02/12
2,Marietta,Greenside,2007/02/23
3,Bertine,Duns,2007/07/16
4,Rees,Izzat,1966/06/06
5,Alejoa,Lambal,1955/02/08
6,Gayle,Powton,1983/01/27
7,Preston,Cheeseman,1963/01/25
8,Selie,Dimelow,2002/05/07
9,Margie,Spillett,1998/08/21
10,Teresa,Rimmer,1986/07/17
11,Barny,Elphinstone,2002/02/15
12,Carine,Kryszka,1998/03/01
13,Elbert,Bessom,1945/12/03
14,Mallory,Bidewell,1982/03/01
15,Ilise,Boutellier,1969/07/20
16,Karilynn,Myton,1988/04/07
17,Filmore,Ewington,1973/02/14
18,Sula,Lawlings,1977/11/19
19,Timothy,Trunkfield,1950/05/09
20,Hazel,Frances,1927/07/24
21,Donnell,Boner,1999/12/17
22,Denys,Winchurch,2006/11/09
23,Zebadiah,Cumbers,1954/01/28
24,Hesther,Dytham,1946/09/15
25,Sharon,Sirrell,1957/07/22
26,Dalia,Reilinger,1993/03/06
27,Marc,Scherer,2004/06/05
28,Eloise,Hatley,2006/05/21
29,Lorant,Picton,1965/06/24
30,Ronnie,Gauche,1973/11/18
31,Lewes,Astles,2004/12/28
32,Webb,Suatt,1992/07/26
33,Dorian,Andrus,1932/12/12
34,Curcio,de Nore,1992/10/06
35,Claudianus,Haysham,2002/09/01
36,Theodor,Robiou,1970/10/03
37,Gardner,Bruckent,1990/08/02
38,Marysa,Tedorenko,2005/04/16
39,Donna,Renachowski,1968/12/02
40,Hew,Oswald,1951/05/16
41,Ruthann,Simond,1958/03/25
42,Dwight,McClelland,2000/03/22
43,Clint,Vanyashkin,1998/05/19
44,Marti,Hansen,1996/05/21
45,Maryanne,Lynas,1936/04/25
46,Mikkel,Pennazzi,1989/12/25
47,Boycey,Silber,1968/08/27
48,Caz,Churching,1932/09/15
49,Arabele,Adamkiewicz,1925/09/27
50,Berti,Watling,1962/05/22
51,Maurits,Simondson,1965/09/17
52,Marcelia,Dare,1999/03/29
53,Dorelia,Hempshall,1971/08/14
54,Tabor,Haslen,1980/11/17
55,Budd,Aitchinson,2000/01/26
56,Reinaldo,Fairbeard,1952/02/20
57,Pebrook,Shoute,1955/12/14
58,Cecilio,Boaler,1992/02/07
59,Inge,Blasl,1937/12/28
60,Fania,Kelberman,1994/01/23
61,Hyacinthie,Gooder,2006/06/07
62,Clarita,Rodolfi,2006/12/20
63,Tawnya,Wallbridge,1952/09/01
64,Theressa,Doncaster,1967/07/28
65,Magda,Sebring,1970/03/12
66,Luigi,Rispin,1996/12/07
67,Suzy,Dimond,2000/04/25
68,Alejandro,Murt,1999/10/11
69,Robby,Dibdall,1998/02/18
70,Aloysia,Bettenson,1933/01/29
71,Jozef,Wyche,1972/11/01
72,Earle,Ifill,1958/09/28
73,Ashlan,Boynton,2001/03/05
74,Moira,Bouldon,1983/05/25
75,Howard,Dendle,2006/10/18
76,Allx,Leithgoe,1989/11/25
77,Farly,Gosselin,1937/07/14
78,Salmon,Yarker,1951/10/27
79,Alonso,Olivazzi,1975/11/05
80,Nathan,Shorey,1958/09/21
81,Tiebout,Najara,1951/09/15
82,Dita,Brolly,1972/03/01
83,Cathleen,Capstack,2002/04/05
84,Jerry,Debling,1988/01/31
85,Jase,Yakushkin,2004/06/29
86,Scarface,Selwin,1962/08/01
87,Lorettalorna,Learoyde,2005/11/08
88,Gran,Peres,1941/04/19
89,Gawain,Peacock,1972/11/02
90,Inigo,Mudd,2006/09/19
91,Lynda,Quigley,1992/09/17
92,Karon,Ramas,1944/02/21
93,Alexis,Winscomb,2002/02/25
94,Tory,Pedron,1983/01/25
95,Jeffry,Hanson,1960/09/08
96,Richmond,Zecchetti,1923/11/22
97,Val,Vasiljevic,1988/06/16
98,Sampson,Kinnie,1960/01/18
99,Filmore,Younger,1937/08/13
100,Chris,Fried,2001/11/25
101,Nefen,Veal,1970/04/27
102,Poppy,Marre,1993/05/22
103,Shay,Goede,1953/06/16
104,Petrina,Clewley,1930/06/10
105,Marlie,Barrett,1943/02/15
106,Anna,Lawfull,2000/02/08
107,Clovis,Stirman,1957/01/17
108,Zsa zsa,Chesswas,1940/01/15
109,Mariette,Dallander,1988/09/08
110,Buddie,Poundford,1997/11/11
111,Jeremie,Hadingham,1968/02/21
112,Amble,Fick,2007/02/10
113,Caren,Bazeley,1933/11/26
114,Taryn,Lambal,1939/07/01
115,Cleo,Moakson,2000/03/27
116,Molli,Haggett,1984/09/16
117,Shawna,Bompass,2006/11/18
118,Ram,Buggs,2006/01/03
119,Simon,Zorzin,2008/05/18
120,Wallis,Cobbing,1950/12/20
121,Ashlan,Rhodes,2007/02/07
122,Corena,Betteridge,1993/08/13
123,Carolee,Hanmer,1992/11/27
124,Revkah,Janning,1939/07/23
125,Natal,Ellicombe,1999/02/16
126,Hilarius,Emberson,1930/12/14
127,Essie,Booy,1936/10/20
128,Astrix,Barrim,1932/06/25
129,Loleta,Breissan,1960/06/29
130,Bennett,Paumier,1927/05/12
131,Ebonee,Hammon,1992/02/04
132,Niko,Shillington,2007/02/05
133,El,Quirke,1927/09/04
134,Eldin,Noto,1984/12/02
135,Fanchette,McCreary,1997/09/24
136,Tabby,Addekin,1984/05/23
137,Elga,Umpleby,1940/02/06
138,Ivette,Castiblanco,1932/05/08
139,Hamish,Mazzei,1924/01/28
140,Lee,Ducker,1975/11/01
141,Modestia,Arnason,1934/03/29
142,Ennis,Meaders,2003/01/05
143,Kaitlin,De Angelis,2007/03/23
144,Reeva,Reaper,1931/03/10
145,Kristian,Kissock,2007/06/03
146,Xavier,Waterson,1949/12/01
147,Letisha,Pluthero,1922/05/07
148,Wren,Marshalleck,1944/04/23
149,Michaeline,Blaasch,1924/10/23
150,Philippe,Cockrell,1998/03/03
151,Ezechiel,Baron,1996/04/08
152,Maryrose,Driutti,1965/09/17
153,Allsun,Nore,1999/03/28
154,Darelle,Merritt,1982/10/14
155,Aubry,Pickhaver,1988/04/18
156,Ester,Mablestone,1923/11/14
157,Amelita,Llopis,1974/07/21
158,Savina,Giannasi,1981/10/08
159,Joline,Tongue,1960/02/17
160,Lexie,Gulliman,1923/09/24
161,Constantino,Juara,1959/02/20
162,Craggie,Gretton,1936/08/18
163,Colman,Bacop,1952/11/17
164,Pennie,Goford,1996/07/12
165,Kellia,Malling,1999/08/29
166,Alikee,Boissieux,1997/06/26
167,Sanford,Klyner,1956/02/24
168,Cynthie,Scarlin,1968/01/22
169,Haily,Linnemann,1993/11/02
170,Lea,Duffer,1998/12/12
171,Laughton,Bridie,2002/11/18
172,Demott,Congram,1999/04/07
173,Dorise,Deegin,1991/08/24
174,Vonnie,De Gowe,1952/12/27
175,Hallsy,Urvoy,1962/12/09
176,Diarmid,Letixier,1941/08/25
177,Nerte,Abramovicz,2003/02/11
178,Morty,Escoffier,1994/08/07
179,Mark,Mazella,2002/11/08
180,Rosamund,Hoyland,1938/10/28
181,Godiva,Ahlin,1922/11/04
182,Dennet,Ackermann,2001/12/23
183,Flynn,Jeune,1927/09/08
184,Ardyce,Kroll,2003/08/31
185,Eldon,Godfroy,1989/11/11
186,Sascha,Mixon,1980/05/17
187,Efrem,Bangs,1961/05/24
188,Kora,Christiensen,1973/05/30
189,Edlin,Carlaw,1982/09/11
190,Peyter,Tipens,1976/06/03
191,Thorny,Frickey,1962/07/26
192,Welsh,Fearnall,1951/01/02
193,Justino,Fleay,2000/11/30
194,Aksel,Folcarelli,1965/06/05
195,Ricardo,Faldo,1925/09/14
196,Regan,Hollibone,1998/11/17
197,Jori,Reveley,1964/03/05
198,Renato,Buyers,1998/11/01
199,Sharron,Pillans,1956/03/09
200,Ike,Juggings,2001/05/14
201,Margaret,Pelosi,1927/11/06
202,Babita,Fontes,1958/09/27
203,Winifred,Rockcliffe,1974/06/23
204,Juliet,Gumm,1943/07/22
205,Hoebart,Fere,1927/04/08
206,Rolf,Yglesia,1944/04/24
207,Stavro,Struther,2000/02/23
208,Philomena,Symington,1999/12/15
209,Miquela,Lyddyard,1956/05/27
210,Cly,Pendergast,1929/10/18
211,Hobey,Duncombe,1999/01/31
212,Lacey,Fabler,1995/09/07
213,Borg,Abthorpe,1999/09/20
214,Tiff,Jaher,2002/01/19
215,Noel,Shewan,1994/09/02
216,Rebbecca,Hellin,1997/05/07
217,Alasdair,Catt,1959/01/09
218,Delphinia,Chatburn,1978/06/27
219,Jillene,Bisset,1992/11/24
220,Farrand,Binnell,1973/02/03
221,Clarice,Dain,1937/03/02
222,Aurora,Twelvetree,1931/10/17
223,Vanya,Grgic,1952/10/29
224,Amelia,Demaid,1989/11/23
225,Emylee,Runnacles,1940/03/21
226,Maggee,Albinson,1997/08/12
227,Wileen,Alsopp,1990/08/20
228,Augy,Drohane,1990/05/24
229,Esther,Lackemann,1988/10/29
230,Cynthea,Tremoille,1956/09/27
231,Tommie,Dawber,2002/07/06
232,Kurtis,Hyde,1989/11/12
233,Kristine,Stare,1995/02/03
234,Lauree,Karleman,1998/12/14
235,Dalli,Gartland,1929/05/15
236,Ardene,Handrek,1933/04/30
237,Jonathan,Bartrum,1983/09/22
238,Filippa,Hulkes,2004/03/01
239,Arlyne,Taaffe,1958/08/26
240,Eb,McCulley,1952/03/14
241,Cicily,Clubb,1997/08/06
242,Leicester,Beningfield,1975/10/05
243,Nathaniel,Flounders,1954/10/30
244,Barrie,OLennane,1989/05/24
245,Giles,Stillman,2002/09/23
246,Molli,Le Strange,1993/06/04
247,Benedetto,Adnams,1945/10/17
248,Lucretia,Farleigh,1992/12/24
249,Mela,Goudge,1939/07/17
250,Umeko,Phipp,1924/01/05
251,Elsie,De Lascy,1938/12/30
252,Birk,Brewerton,1974/12/09
253,Jacques,Fripp,1942/04/12
254,Rianon,Mattek,1999/04/11
255,Skell,Buckberry,2002/03/14
256,Cindra,Foister,2003/05/31
257,Finley,Rollo,1942/12/26
258,Zena,Norcott,1929/09/28
259,Arney,Thew,1987/09/28
260,Emmett,Reace,1945/06/24
261,Brigg,Volage,1986/02/15
262,Layney,Vasilyonok,1998/06/09
263,Bastien,Gandley,1992/05/28
264,Dolph,Olland,1959/03/03
265,Diego,Upjohn,1922/09/12
266,Roslyn,Dumphries,1989/08/08
267,Kerri,Doy,1957/06/11
268,Marielle,Sessuns,1926/10/18
269,Millicent,Driffill,1946/10/07
270,Catherine,Lambotin,1999/02/09
271,Henka,Hierro,1994/05/24
272,Pauly,Tenwick,1960/11/17
273,Jenifer,Sweedland,2006/07/05
274,Rufe,Eteen,1987/04/22
275,Laney,Soldan,1928/02/25
276,Annissa,Kopf,2001/02/15
277,Sonja,Bloxland,1938/10/14
278,Kaila,Busch,1923/02/18
279,Bran,Beverley,1936/10/19
280,Lidia,Dibling,1970/10/24
281,Hadley,Sermin,2000/08/25
282,Devlen,Minette,1992/06/26
283,Melania,Ducaen,1964/01/31
284,Milty,Ellif,1965/09/30
285,Ker,Feldklein,1971/08/07
286,Franny,Allport,1953/01/20
287,Deny,Antyshev,1983/09/28
288,Marley,Lamperd,1959/08/11
289,Catlaina,La Wille,1999/09/04
290,Nathanil,McDonough,1954/04/24
291,Melosa,MacCourt,1929/03/01
292,Alysia,Nicholls,1944/03/23
293,Tanhya,Karolyi,1937/08/10
294,Neel,Warburton,1930/07/25
295,Pauli,McKeowon,1993/05/01
296,Chauncey,Yven,1964/03/14
297,Eva,Descroix,1934/09/22
298,Bary,Redmille,2004/01/28
299,Nehemiah,Saurin,1933/03/18
300,Tonie,Dillingham,1949/10/03
301,Brewster,Mackilpatrick,2002/10/04
302,Brennen,Pepys,1962/01/12
303,Ramsey,Sackur,2006/11/22
304,Shoshanna,Fittis,1929/11/30
305,Jessica,McIan,1959/11/05
306,Peder,Bredgeland,1959/12/23
307,Kiley,Falconar,2005/12/24
308,Candy,Dudson,1946/08/17
309,Rosina,Chaim,1998/01/29
310,Caresa,Blasoni,1998/09/19
311,Kipp,Sheeres,1958/03/13
312,Marve,Gilburt,1998/01/03
313,Rayshell,Keitch,2003/10/08
314,Nathanael,Hindshaw,1990/07/08
315,Clovis,Moynihan,1924/11/29
316,Jaquith,Rookes,1945/02/09
317,Del,Calveley,1924/07/08
318,Redd,Blant,2006/12/03
319,Charla,Exter,1992/07/31
320,Tabb,Edelheit,1966/07/30
321,Morgen,Dominichetti,1967/10/21
322,Myrilla,Normanvell,1966/09/24
323,Hayward,Skase,1970/05/31
324,Aubine,Seiffert,1991/01/31
325,Mason,Delbergue,1952/03/15
326,Laurette,Bradley,1944/08/03
327,Bride,Froggatt,2002/11/03
328,Harmony,Glaserman,2002/12/26
329,Chere,Skade,1953/10/16
330,Waldemar,Node,1985/10/07
331,Karole,Warburton,1999/03/07
332,Lisetta,Duthie,1975/03/18
333,Dido,MacAdie,1982/05/07
334,Alida,Leyre,1964/06/26
335,Clark,Sothern,1997/04/29
336,Abbott,McDell,1951/06/11
337,Anetta,Pettengell,1930/05/19
338,Juieta,Stackbridge,1948/06/04
339,Roldan,Castanaga,1982/11/16
340,Chalmers,Wroe,1996/04/12
341,Devonne,Ram,2004/11/08
342,Valdemar,Yielding,2002/03/13
343,Claudetta,Gelly,1932/11/10
344,Freedman,Halewood,1959/05/06
345,Samuele,Nend,1981/09/03
346,Lief,Strainge,1966/01/18
347,Scarface,Brimble,1980/02/06
348,Maxine,Stych,1976/02/02
349,Lammond,Sollom,1935/10/02
350,Alwyn,Brome,1983/06/02
351,Allegra,Somerfield,2005/08/08
352,Burl,McKew,1989/11/22
353,Hugo,Josephsen,1929/09/25
354,Tomaso,Jordon,2003/12/25
355,Tobe,Gai,1937/09/26
356,Sid,Marquez,1996/05/04
357,Rufe,Lavallin,1941/10/31
358,Blake,Dewerson,1971/01/14
359,Marne,Irdale,1983/08/11
360,Ellene,Bohden,1922/04/14
361,Colman,Clemmett,2004/11/11
362,Bibbie,Treagust,2008/08/11
363,Aldridge,Daughtrey,1931/06/18
364,Dulcie,Ritmeier,1929/10/05
365,Linn,Croson,2002/12/04
366,Ashli,Guenther,1927/02/12
367,Saraann,Kingsland,1933/01/22
368,Clare,Markie,1989/01/01
369,Trenna,Chrishop,1998/07/26
370,Harv,Franciotti,1977/02/21
371,Kurt,Sagg,1953/12/12
372,Andrea,Nettleship,1938/12/21
373,Diann,Brendeke,2005/08/29
374,Mariam,Slograve,1998/03/31
375,Davita,Lorkings,1945/08/29
376,Miguela,Lamprecht,2008/06/19
377,Penny,Orgel,2006/07/17
378,Haroun,Fellow,1979/12/12
379,Mona,Croose,1956/05/30
380,Maitilde,Quince,2002/02/27
381,Sydney,Haseldine,1941/02/13
382,Cindra,Rossetti,1929/08/27
383,Marsiella,Falco,1927/09/16
384,Wakefield,Durn,2000/04/14
385,Angelita,Lintall,1958/12/21
386,Ethel,Elstub,1928/12/15
387,Jarrod,Kunze,1994/06/17
388,Arturo,Gemmell,1980/07/26
389,Skipper,Bratt,1931/03/29
390,Iormina,Rentoll,1925/02/04
391,Laetitia,McKevin,1949/05/02
392,Blanche,Kahn,2008/03/19
393,Issie,Rabson,1938/04/06
394,Rafa,Dorney,1936/01/13
395,Cody,Woodings,1937/11/18
396,Ara,Caff,1954/10/24
397,Prince,Lamb,1926/04/16
398,Gilda,Castlake,2001/11/12
399,Raimund,Northover,1958/08/22
400,Agnella,Bartoloma,1925/08/12
401,Ives,Pattenden,1998/08/08
402,Kimbell,Pym,1922/04/03
403,Eyde,Coling,1988/06/16
404,Dilly,Salmon,2001/06/03
405,Candis,Sobey,1996/09/27
406,Alon,Grimwood,2000/12/06
407,Abra,Josland,1958/03/08
408,Vincenz,McClurg,1944/04/08
409,Rani,Crosetto,1947/04/15
410,Norby,Howard - Gater,2001/09/08
411,Jerrie,Connechy,1948/09/28
412,Electra,Pavlik,1985/01/11
413,Dick,Medlen,1931/10/24
414,Yovonnda,Clowney,1957/04/20
415,Fergus,Whitcomb,2002/06/21
416,Mitchael,Pymar,1955/05/30
417,Vincents,Wetherby,1983/05/05
418,Skippie,Bilovus,1967/02/12
419,Sara,Rome,1971/04/14
420,Hanan,Dufour,1941/04/07
421,Rainer,Fould,1925/03/16
422,Englebert,Boultwood,1997/10/24
423,Kimbell,Teesdale,1959/11/16
424,Brittni,Brockman,1950/08/10
425,Stern,De Stoop,1927/04/08
426,Moira,Jzhakov,1923/06/25
427,Toby,Grisenthwaite,1936/02/26
428,Sully,Mansuer,2002/09/02
429,Janifer,Eadington,1942/04/06
430,Hazel,Coolahan,1989/10/15
431,Jerome,Pimlock,1999/06/09
432,Rodrique,Crinkley,1998/05/18
433,Dorothee,Botler,1987/11/23
434,Faydra,Lefort,1998/05/18
435,Lionel,OLagen,1971/08/11
436,Henderson,Slatford,1943/10/28
437,Betteann,Tilbey,1998/05/15
438,Burr,Allain,1981/01/25
439,Claudina,Shadfourth,1938/07/07
440,Samuele,Lawrence,1992/12/20
441,Carmelle,Sweatman,1947/04/13
442,Linn,Goldwater,1940/04/07
443,Rivi,Manning,1932/02/05
444,Mirabella,Ivashkov,1961/11/14
445,Westleigh,Woodley,1945/12/07
446,Brigg,Everill,1924/06/08
447,Algernon,Dable,2006/08/24
448,Maddi,Conahy,1980/12/02
449,Carmine,Popham,1928/06/19
450,Derron,Bashford,1955/06/15
451,Tybi,Posvner,1959/09/03
452,Wally,Belsher,1998/05/07
453,Analise,Potes,1955/09/13
454,Kipp,St Louis,1985/01/29
455,Fiona,Jeske,1936/10/27
456,Rosalynd,Gatlin,1925/02/04
457,Harrietta,Betteriss,1934/04/16
458,Amalia,Kowal,1989/02/09
459,Edan,OSherrin,1970/10/16
460,Shaw,Geater,2008/05/06
461,Noble,Manes,1962/04/03
462,Giacinta,Langeren,1975/06/22
463,Kaia,Antonelli,1931/09/13
464,Phylis,Preist,1928/06/20
465,Iris,Stow,2002/06/24
466,Traver,Welton,1989/10/12
467,Gonzales,Dargue,1940/05/31
468,Sherm,Starrs,1972/02/14
469,Lin,Ludlam,1941/09/21
470,Drucy,Gailor,1965/07/08
471,Port,Glassford,1994/09/04
472,Velma,Kleeborn,1998/04/26
473,Ingaberg,Venart,2006/06/27
474,Ana,Spens,1929/07/24
475,Truda,Grigs,1996/04/27
476,Rafaellle,Potter,1925/01/31
477,Xenos,Walentynowicz,1999/01/05
478,Daryl,Walburn,1969/04/19
479,Aymer,Bilsford,1965/02/26
480,Bobbie,Sheringham,1982/04/08
481,Min,Jerzyk,2001/06/20
482,Linnie,Brundrett,2000/11/04
483,Donelle,Sollars,1969/05/27
484,Eilis,Jordison,2000/11/13
485,Madella,Beal,1925/05/10
486,Felic,Bugler,1945/07/14
487,Mari,Merida,1954/05/09
488,Binnie,Gerardin,1997/10/15
489,Catie,Mulder,2002/05/09
490,Paulo,Chadbourne,2001/06/07
491,Lea,Brabham,1978/08/31
492,Ailey,Bezley,1999/09/24
493,Alysia,Durtnal,1992/03/23
494,Annice,Cahill,1990/11/18
495,Sydney,Dargavel,1955/11/29
496,Duncan,Jorio,1930/04/30
497,Jocko,Rivitt,2001/10/03
498,Cherrita,Stockhill,1966/11/17
499,Budd,Brotherhed,2004/05/30
500,Dominik,Bellow,2008/06/02
501,Otho,Lynthal,1996/11/06
502,Melitta,Northern,1973/06/13
503,Hanny,Erdes,1992/05/04
504,Byram,MacTrustram,2008/11/10
505,Cori,Kershaw,1946/04/10
506,Martita,Streeting,2003/07/13
507,Jamesy,Vassel,1947/03/09
508,Kele,Kolin,2000/11/27
509,Stephanus,Sharrock,1942/08/17
510,Abbot,Sapwell,1986/06/26
511,Sissy,Penhalurick,1965/04/11
512,Morlee,Quinnelly,1972/11/11
513,Adolf,Arnowicz,1987/04/27
514,Elihu,Folks,1992/01/25
515,Liv,Ranger,1925/04/08
516,Ivan,Emett,1999/04/05
517,Diannne,Coupland,1939/06/04
518,Josselyn,Minithorpe,1968/09/10
519,Babs,Batchellor,1975/04/10
520,Temp,Jagielski,1930/09/13
521,Christa,Fawdrie,1984/10/07
522,Kaylyn,Le Gassick,1942/06/14
523,Winna,Pidon,1948/03/21
524,Kevon,Whorton,1996/06/23
525,Norman,Tuley,2004/03/07
526,Thomasina,Geldart,2002/04/11
527,Rowland,Greeveson,1966/08/10
528,Immanuel,Falla,1980/09/17
529,Pearla,Buttner,1992/03/05
530,Sebastian,Tomashov,1996/08/03
531,Beverlee,Belle,1944/06/13
532,Brit,Alyukin,1959/11/19
533,Xavier,Kinastan,1996/06/04
534,Georg,Karoly,1946/08/08
535,Elsbeth,Henighan,2005/07/01
536,Giordano,Stent,1952/05/09
537,Morton,Lightfoot,1947/08/20
538,Jeremias,Bome,1967/03/18
539,Randolph,Guinness,1966/07/08
540,Major,Dumbrall,1973/10/18
541,Agnesse,Farden,1946/10/10
542,Jesse,Kitcat,1954/06/07
543,Marylee,Dashkovich,1999/12/05
544,Deerdre,Balas,1954/02/18
545,Ari,Spykings,2001/07/27
546,Lydie,Pidler,1975/08/08
547,Fidole,Wignall,1992/03/01
548,Dasya,Phifer,1979/01/25
549,Scott,Eynald,1960/10/15
550,Brendan,Forkan,1986/04/03
551,Giffard,Vannucci,1991/10/27
552,Royall,Hearley,1961/04/24
553,Wait,Merricks,1931/03/05
554,Uriah,Laydel,1975/08/15
555,Cortie,Yerbury,1997/04/11
556,Emmerich,Puffett,1931/08/22
557,Cesar,Gotobed,1998/04/18
558,Cedric,Kleinplac,1978/01/29
559,Nickola,Brydon,1944/12/28
560,Bradford,Caldow,1988/08/20
561,Danell,Furmenger,1987/05/14
562,Kasey,Reany,1956/03/15
563,Benedick,Szymonowicz,1990/03/09
564,Georgianna,Pluthero,1964/05/09
565,Nevil,Simek,1929/08/16
566,Catarina,Tuppeny,1951/06/24
567,Florencia,Slatcher,1981/11/13
568,Kelsey,Bertolaccini,1927/06/24
569,Maryann,Radage,2004/11/08
570,Asher,Bulluck,2000/06/06
571,Crissy,Bartoli,2002/02/13
572,Mona,Father,1956/05/17
573,Elysia,Jakaway,1926/08/01
574,Colan,Bampkin,1951/05/31
575,Padget,Adanet,1929/08/04
576,Margarete,Merrett,1953/10/12
577,Alexa,Woodhams,1927/05/04
578,Morris,Fitzmaurice,2000/04/08
579,Tiertza,Lemmers,1956/02/15
580,Ethelred,Hanny,1982/12/19
581,Elisabetta,Barcroft,2002/08/08
582,Mahala,McKoy,1967/01/27
583,Thekla,Van Der Walt,1976/10/06
584,Bartlett,Kuhn,2007/12/19
585,Judy,Meecher,2001/08/02
586,Benn,Lettson,1971/06/17
587,Marthe,Segebrecht,2000/06/07
588,Hedvige,Chatainier,1970/03/03
589,Axe,Graveson,1941/09/13
590,Delinda,Pavek,1971/05/03
591,Gaylord,Schmidt,1950/07/21
592,Donal,Robez,1995/01/13
593,Reena,Delacourt,1928/07/28
594,Edgard,Dmytryk,1998/03/29
595,Jessamyn,Blackaller,1977/08/16
596,Jody,Ledwitch,1996/04/04
597,Dory,Garrick,1944/03/19
598,Ulberto,Wharmby,1926/02/02
599,Laura,Shallo,1928/10/02
600,Drucie,Dumbare,1983/06/21
601,Taylor,Arlett,1945/04/03
602,Carmina,Roly,1975/07/31
603,Cybil,Kraft,1933/04/24
604,Clarinda,Izat,1965/04/28
605,Orazio,Vedyashkin,1934/12/03
606,Stanton,Bonniface,1948/06/16
607,Trever,Kubin,1950/05/19
608,Brady,Mothersdale,1953/06/09
609,Ardeen,Dunridge,1968/12/17
610,Arabelle,Dymick,1943/02/25
611,Renard,Drust,1979/04/14
612,Jessie,Orteau,1967/09/22
613,Catha,Leney,1936/09/06
614,Bartholomew,Doucette,1998/04/08
615,Edgar,Wonter,1926/11/01
616,Raimondo,Limbert,2000/05/28
617,Denyse,Nelm,1942/07/01
618,Christiane,Bleazard,1995/09/23
619,Benyamin,Kalewe,1923/01/21
620,Ivar,Leefe,1968/08/11
621,Pattie,Fausset,1928/01/05
622,Markus,Weeke,2006/05/15
623,Patsy,Janicek,1923/08/22
624,Donelle,Labbe,1997/11/01
625,Perrine,Teager,1985/03/29
626,Farly,Cariss,1989/09/09
627,Marika,Ketcher,1973/04/02
628,Kala,Warnock,1939/09/27
629,Codie,Leonardi,1975/11/19
630,Haslett,Estevez,1988/05/12
631,Myrtice,Dullaghan,2002/08/01
632,Remington,Reyne,2001/05/15
633,Carlie,Diloway,1997/12/11
634,Marten,Nevinson,1961/02/28
635,Catharine,Le Gallo,1947/10/30
636,Elaine,Drakes,1985/11/23
637,Leela,Roubeix,1942/10/31
638,Hiram,Forbes,1995/02/16
639,Melba,Tillett,1927/06/11
640,Weber,Gregh,1968/07/01
641,Kelby,Challiss,1979/11/06
642,Steven,Kopf,1967/06/11
643,Deirdre,Peddar,1980/11/21
644,Pierette,Gotthard,1976/08/15
645,Floyd,Walworth,1937/07/02
646,Clarey,Juszkiewicz,1926/04/28
647,Ignacio,Kohnemann,1999/09/03
648,Anet,Jay,1982/05/06
649,Sarette,Richens,1927/06/04
650,Nichole,Poyzer,1998/09/25
651,Connor,Squires,1933/09/09
652,Enrique,Lewer,1978/04/24
653,Berri,Macari,1932/02/09
654,Nerissa,Ruzicka,1941/02/10
655,Lenard,Espinoy,1924/06/04
656,Kahaleel,Olivi,1972/04/28
657,Galven,Eidler,2005/02/05
658,Fredrick,Yosevitz,1996/11/20
659,Livvy,Gery,1945/07/31
660,Marcellina,Vasilyev,2007/01/01
661,Thebault,Abbatini,2004/08/31
662,Roselia,Keaveny,1951/03/06
663,Larisa,Darracott,1953/07/29
664,Stern,Littrell,1941/05/29
665,Henka,Naughton,1944/11/23
666,Rozelle,Osinin,1922/06/19
667,Gil,Willcox,1984/09/11
668,Gery,Androsik,1981/03/05
669,Ruthe,Caskey,1999/09/15
670,Gilberta,Costerd,1971/06/30
671,Ulla,Saye,1951/10/29
672,Brandy,Kryszkiecicz,2000/02/28
673,Pen,Caen,1988/05/25
674,Elly,Lester,1944/08/26
675,Bridget,Mingus,1981/04/16
676,Immanuel,Coots,1983/02/07
677,Theda,Sachno,1970/01/10
678,Crin,Mew,1932/07/21
679,Christiana,Weekley,1958/11/29
680,Jasmina,Whaley,1992/07/21
681,Revkah,Calderon,1998/10/15
682,Allix,Toland,1976/04/27
683,Whit,Anscombe,2000/09/17
684,Gina,Pentin,1950/12/18
685,Tilda,McKall,1935/10/05
686,Ava,Aynold,1969/12/31
687,Ave,Congreave,1986/08/13
688,Rodd,Mabb,2007/12/04
689,Osborne,Gravener,1999/08/10
690,Robbyn,Dulwitch,1967/03/21
691,Cherice,Symcock,1992/10/03
692,Zaria,Braban,1980/11/01
693,Shayne,Joselin,1998/04/12
694,Burton,Hamlett,1981/09/14
695,Oberon,Acom,1957/05/16
696,Lora,Braybrook,1977/10/30
697,Kassi,Bastin,1997/09/18
698,Hollyanne,Standen,1992/04/06
699,Odette,Caherny,1997/12/14
700,Luisa,Moorman,1940/02/16
701,Ernesto,Kingscote,1986/04/17
702,Shanna,Isaaksohn,1969/02/21
703,Wolfgang,Ivanusyev,1999/11/25
704,Audre,Lampard,1949/08/01
705,Enrique,Darlasson,1951/02/04
706,Willie,Ivushkin,1989/11/12
707,Helge,Bembrigg,2001/11/05
708,Rainer,Kick,1947/06/18
709,Sacha,Castelijn,1961/10/05
710,Amaleta,Brennon,2000/05/29
711,Elladine,Alforde,1934/08/15
712,Eadie,Philipeaux,1939/01/16
713,Bellanca,Gerrans,1932/11/17
714,Demetra,Grizard,1938/04/13
715,Anallise,Nicklen,1980/07/23
716,Rosella,Angrove,1937/01/15
717,Rabi,Darnbrough,2008/10/09
718,Glenn,Martinovsky,1941/07/22
719,Tilly,Fillery,1952/11/03
720,Brew,Hollows,1989/08/16
721,Dolph,Baptiste,1998/01/02
722,Shanda,Klementz,1995/01/19
723,Alwyn,Elies,1933/03/30
724,Atlanta,Murrish,1972/07/02
725,Persis,Laite,1999/08/02
726,Nicholas,Jerzycowski,2003/02/10
727,Lacie,Buckland,1956/03/25
728,Brockie,Buterton,1965/06/11
729,Judye,Relf,1942/12/20
730,Noella,McDermot,1992/08/26
731,Isadora,Smeath,1984/07/02
732,Mylo,Alday,1988/04/01
733,Felicio,Teas,1938/06/16
734,Vevay,Vickery,1997/09/01
735,Darius,Stedson,1933/08/11
736,Ede,Faussett,1993/11/06
737,Michal,Roman,1944/11/11
738,Phaedra,Yeskin,1930/08/13
739,Sasha,Gammack,1924/08/27
740,Fields,Stibbs,1972/08/10
741,Lissa,Lulham,1974/10/10
742,Cassey,Awton,1982/09/15
743,Reilly,Skellern,1963/12/14
744,Nye,Moralas,1988/06/21
745,Rupert,Verdy,1975/07/30
746,Doyle,OShavlan,1962/09/10
747,Shea,Alflat,2007/05/21
748,Emlen,Letertre,1954/10/28
749,Ellary,Carbonell,1928/04/20
750,Feliks,Connichie,1965/09/19
751,Shelia,Brand-Hardy,1936/11/07
752,Whitman,Frizell,1997/02/03
753,Moise,Hallows,1933/11/08
754,Kissiah,Steet,1998/10/10
755,Ricoriki,Swinyard,1992/09/13
756,Lewiss,Beecker,1975/03/18
757,Dorotea,Eagling,1988/01/27
758,Armstrong,Danilowicz,1966/12/27
759,Marcello,Ferrar,1933/10/19
760,Tabor,Gibke,2001/01/02
761,Jessie,Pigdon,1965/04/23
762,Cooper,Peers,1961/06/12
763,Brigitte,Way,1996/09/01
764,Urban,Rickards,1930/10/26
765,Berta,Blankhorn,1945/01/31
766,Lea,Veasey,2008/02/07
767,Jules,Goldingay,1980/12/22
768,Gleda,Sincock,1963/09/17
769,Friedrick,Castledine,1960/02/17
770,Evy,Fyall,1992/04/14
771,Jenifer,OHare,1956/03/07
772,Nikolos,Bowart,1933/01/07
773,Caresa,Mechell,1955/01/24
774,Brook,Burburough,1957/06/02
775,Adel,Dominiak,1991/04/10
776,Maxy,Abbs,1950/07/15
777,Carlee,Bazylets,1973/02/02
778,Nickola,Oldridge,1966/12/22
779,Doti,Singyard,2000/09/05
780,Susette,Beniesh,2005/02/05
781,Dillie,Logie,1959/08/16
782,Estevan,Grattan,1950/06/17
783,Bron,Hornig,1924/05/25
784,Everard,Lillico,1953/08/13
785,Audre,Maingot,1972/04/20
786,Juanita,Collett,1924/05/11
787,Anetta,Piwall,1971/11/28
788,Eadith,Spencley,1998/03/25
789,Sorcha,Penbarthy,1952/01/22
790,Antonetta,Eton,2006/04/18
791,Rochester,Himsworth,1943/04/10
792,Teddy,MacCathay,1997/05/13
793,Isabeau,Moy,1930/04/10
794,Frederich,Sambath,1938/12/28
795,Paulina,Franzonetti,1980/03/27
796,Angelle,Middler,1998/03/29
797,Gilly,Jacquet,1957/06/14
798,Hildagarde,Perrycost,1989/01/11
799,Jannel,OMeara,1936/05/29
800,Alleyn,Mougel,2005/01/07
801,Vinni,Freyne,1994/05/13
802,Nikoletta,Spurway,1970/03/09
803,Ilsa,Tunnow,1945/05/03
804,Delphinia,Fredi,1994/05/14
805,Jemimah,Hullot,1946/07/07
806,Wallis,Plumbridge,1998/03/20
807,Rodolfo,Kalker,1978/03/08
808,Dorotea,Letson,1996/10/09
809,Fernandina,Chanson,1956/11/01
810,Rowen,Bielefeld,1998/10/19
811,Alden,Yukhtin,1974/08/02
812,Eustace,Cone,1947/11/09
813,Ase,Garter,1944/10/26
814,Yorke,Duffrie,1924/10/10
815,Marlie,Pougher,1999/12/16
816,Dominick,Beardmore,1945/08/14
817,Indira,Lymbourne,1991/03/28
818,Brit,Fry,1932/05/13
819,Layton,Klehn,1966/03/05
820,Agna,Spiby,1998/09/28
821,Sterne,Sanday,2004/03/22
822,Sephira,Growy,1951/10/23
823,Adler,Askham,1947/10/30
824,Veda,Kerrigan,1928/07/11
825,Aliza,Franciottoi,1998/07/17
826,Melba,Pezey,1923/01/14
827,Francklyn,Fausch,1954/08/29
828,Hedwiga,Crayke,1959/03/08
829,Ruth,Flanders,1980/02/17
830,Blaine,Shardlow,1980/01/24
831,Alric,Hulcoop,1947/06/08
832,Ingram,Dyball,1979/06/11
833,Sharline,Lowdeane,1962/10/06
834,Spense,Holdey,1942/12/11
835,Padraig,Aronstein,1999/12/27
836,Danya,Preuvost,1975/12/29
837,Chancey,Mc Ilory,1931/09/27
838,Gabriello,McGaffey,1968/04/19
839,Brandea,Carnie,1937/10/25
840,Lief,Verlinden,1922/05/27
841,Andonis,Imrie,1975/10/25
842,Reba,Pawlick,1965/12/20
843,Jerry,Attaway,2001/09/25
844,Madeline,Kitter,1935/07/21
845,Gunter,Matovic,1925/07/08
846,Elsinore,Bard,1940/01/13
847,Borden,Cotmore,1929/08/14
848,Orly,Wilkison,2005/04/21
849,Paton,Gierek,1979/01/14
850,Rowen,Kenworthy,1943/06/12
851,Dale,Prin,1953/01/08
852,Hayward,Sams,2004/09/18
853,Joey,Camplen,2006/02/22
854,Devon,Jeste,1992/07/10
855,Yankee,Barron,1980/12/11
856,Kamillah,Fourcade,2008/06/22
857,Heindrick,Beedie,1979/01/24
858,Westleigh,Heningam,1972/07/02
859,Amalita,Dawid,1984/09/16
860,Margi,Fallen,1994/08/29
861,Helenka,Kitteringham,1999/01/14
862,Erskine,Gianiello,1955/11/29
863,Codie,Bech,1992/04/15
864,Julina,Hammonds,1952/04/04
865,Ronald,De Andreis,1929/07/31
866,Dex,Cowgill,1961/01/22
867,Frayda,Warburton,1991/05/31
868,Lindsey,Saben,1935/02/01
869,Marcello,Coldbathe,1933/05/02
870,Tatiania,Keitch,1992/01/18
871,Stearn,Thorns,1951/04/11
872,Ninnette,Birth,1944/06/08
873,Zed,De la Zenne,1984/11/05
874,Micaela,Bastiman,1958/03/19
875,Jaclyn,Baxendale,1983/05/29
876,Napoleon,Mavin,1927/01/22
877,Cyrille,Orrocks,1946/02/03
878,Moll,Thombleson,1995/03/26
879,Mackenzie,Over,1956/01/07
880,Geno,Ambridge,1932/11/03
881,Indira,Schankel,1984/06/09
882,Cristian,Ossulton,1922/05/31
883,Rosabel,Tudor,1926/06/06
884,Rebecka,Diplock,1927/01/07
885,Kaitlyn,Spondley,1926/12/08
886,Marquita,Bette,1923/04/30
887,Davon,Studders,1953/12/27
888,Jorey,Winkworth,1979/09/19
889,Christian,Kohrding,1972/06/10
890,Griffin,Paramore,1992/12/21
891,Vance,Bew,1922/07/17
892,Giraud,Heilds,1943/07/04
893,Curt,Whitear,1994/03/18
894,Cordelie,Karpf,1988/12/24
895,Whitney,Firebrace,1999/05/31
896,Paulie,Risso,1942/03/16
897,Cheryl,Spillett,1952/04/01
898,Kellby,Cabrales,1980/01/12
899,Godard,Gammett,1922/04/07
900,Chick,Kaminski,1999/10/09
901,Garfield,Banfield,1971/08/28
902,Raphaela,Hamley,1976/01/07
903,Shannen,Gowthrop,1971/02/24
904,Bessy,Chidzoy,1953/08/19
905,Bibi,Glennard,1982/12/29
906,Orelle,Redmond,2000/02/03
907,Gawain,Causier,2005/05/31
908,Maribel,Jenman,2000/06/23
909,Gertruda,Corneliussen,1959/05/25
910,Darill,Castelot,1949/12/04
911,Hill,Moulin,1969/04/18
912,Kimberley,Emmott,1935/05/25
913,Susanne,Wallhead,1956/11/11
914,Demetris,Whitten,1992/03/09
915,Fairleigh,Lowensohn,1973/10/08
916,Tracie,Babon,1975/12/01
917,Towny,Jedraszek,1955/05/28
918,Barb,Rosbrough,1988/02/17
919,Harmon,Newband,1981/10/25
920,Sallyann,Votier,1950/10/20
921,Kristina,Durdy,1979/06/08
922,Donalt,Varnam,1998/05/22
923,Angela,Piddlehinton,1998/12/17
924,Olenolin,Marran,1940/12/30
925,Vale,Tissier,1929/11/13
926,Karalynn,Franies,2005/07/26
927,Constantina,Wearden,2003/04/16
928,Frasco,Dy,1969/05/01
929,Josee,Dobey,2007/08/14
930,Carey,Blackaller,2006/08/12
931,Raffarty,Tidmas,1940/11/27
932,Ryan,Lortz,1959/12/30
933,Mareah,Ash,2001/10/12
934,Ingmar,Linke,1986/11/22
935,Fianna,Epinay,1943/03/03
936,Almeda,Hirtzmann,1924/07/10
937,Aubrie,Copestake,1998/01/24
938,Mara,Haithwaite,1999/06/19
939,Tootsie,Beedom,2000/05/01
940,Otes,Tottie,1973/01/06
941,Brigitte,Hallett,2000/12/10
942,Bertram,Bradder,1996/07/02
943,Kettie,Goldspink,1960/02/07
944,Rica,Mathouse,1943/11/29
945,Jeffy,Griffitts,1964/01/19
946,Jan,Keyte,1992/03/15
947,Damian,Pranger,1992/07/09
948,Sydelle,Wheelan,1935/08/22
949,Terry,Goggins,1998/08/19
950,Lauryn,Dorbin,2003/04/02
951,Abby,Reeves,1937/09/04
952,Ferguson,Loosely,1922/05/04
953,Cecilia,Bowcock,2006/01/25
954,Karmen,Pagel,1968/02/04
955,Edgar,Hickford,1992/05/26
956,Nonie,Sewill,1970/10/04
957,Debbie,Bru,1990/06/29
958,Daniel,Virgin,1990/02/09
959,Stacee,Lant,1976/09/19
960,Glyn,Douce,1983/03/08
961,Wood,Billington,2000/06/28
962,Alica,Simonite,1999/01/03
963,Melita,OFielly,1961/01/14
964,Grantham,Hunnisett,1963/02/18
965,Ari,Gaw,1998/02/27
966,Coralie,Paulmann,1954/03/02
967,Dory,Brunke,1968/01/19
968,Nero,Whisker,1970/10/31
969,Marrissa,Stillgoe,1953/09/05
970,Shirlene,Shatliff,1998/12/10
971,Henrieta,Scranny,1965/03/30
972,Carlota,Everitt,1992/06/06
973,Gordie,Bayfield,1936/05/03
974,Leonid,Cordingley,1954/12/23
975,Corabel,Bebb,1991/04/24
976,Vlad,Toquet,1924/10/03
977,Hilliard,Steedman,1944/12/06
978,Donna,Strelitz,1999/09/29
979,Margeaux,Guerin,2002/11/16
980,Desmund,Moffat,1963/02/01
981,Darryl,Rainon,1961/03/30
982,Sherwood,Gosford,1998/10/15
983,Fernandina,McNaughton,2001/08/30
984,Robinett,Whatson,1999/09/21
985,Florry,Cuttle,1941/08/31
986,Eula,Nourse,1985/09/28
987,Kele,Buney,1975/09/07
988,Denna,Tinniswood,1950/12/14
989,Malynda,Pitkins,1947/09/11
990,Corinne,Bertelet,1996/09/08
991,Donal,Gages,2002/10/05
992,Othilia,Rudham,2007/08/31
993,Townsend,Bagworth,1923/03/30
994,Julissa,Warrell,1999/01/15
995,Verene,Clarage,1937/01/24
996,Gottfried,Rubi,1975/10/02
997,Ron,Mundow,1981/03/07
998,Karim,Darlasson,1999/06/02
999,Gardener,Kort,1999/04/04
1000,Arty,Crimpe,1943/05/17